Series 1;Series 2;Series 3;Series 4;Series 5;Series 6
0,837;1,438;-1,629;0,916;-0,138;-0,234
0,032;1,059;-1,175;-0,394;-0,486;-0,286
0,488;-0,165;0,455;-2,384;-0,924;0,468
0,744;-1,268;2,141;-3,112;-1,757;-1,865
0,197;-1,256;2,119;-4,593;-0,199;-0,911
-0,181;-0,669;-0,323;-6,848;0,953;-1,218
-0,116;-0,364;-2,178;-12,048;-0,73;-0,129
-1,059;-0,744;-4,479;-18,241;-0,116;0,847
1,173;-1,646;-4,914;-26,297;-0,698;0,549
1,552;-0,843;-6,34;-34,95;0,183;0,824
-1,208;0,271;-6,76;-44,133;-1,275;0,555
-0,972;-0,68;-6,842;-53,541;-0,746;0,407
0,6;-0,182;-6,995;-63,876;0,145;-0,359
-0,986;-0,082;-7,832;-74,028;-1,531;-0,744
1,968;-1,517;-9,06;-84,102;-1,031;-0,877
-0,778;-1,462;-10,225;-94,023;-0,016;-0,508
-0,824;-1,366;-10,724;-104,333;1,003;-0,907
-0,748;-0,227;-10,933;-115,826;0,144;-0,357
-1,341;-1,774;-12,017;-128,563;-0,009;-0,026
0,077;-2,092;-12,297;-141,839;-0,17;-0,481
-1,572;-1,997;-13,383;-154,98;0,431;0,612
1,15;-1,494;-14,79;-167,462;0,22;-0,566
-0,156;-1,072;-17,52;-180,292;-0,175;-0,491
0,275;-0,469;-20,642;-192,672;-0,554;0,063
-0,965;0,365;-22,886;-206,522;0,374;-0,1
-0,288;0,396;-23,43;-221,332;1,037;0,543
-0,328;0,109;-22,599;-238,401;0,825;0,932
-1,123;1,344;-22,445;-258,238;0,104;-0,627
-0,156;2,859;-21,435;-279,512;0,164;0,093
0,237;2,906;-21,265;-301,042;-0,96;-0,878
-0,158;3,732;-19,623;-322,125;0,011;-0,137
0,434;5,079;-19,07;-344,6;-0,425;-0,05
-0,59;3,924;-17,544;-366,378;0,298;-0,592
0,749;4,878;-16,35;-387,751;0,557;-0,276
1,437;5,958;-14,712;-407,114;0,063;0,128
0,879;6,627;-13,797;-425,327;-0,901;-0,228
1,08;8,118;-13,385;-442,212;-0,119;-0,349
-0,187;8,623;-13,779;-457,116;0,119;-0,688
0,852;9,69;-14,061;-469,91;-0,129;-0,104
-1,405;9,174;-11,143;-482,464;0,352;-0,247
-0,619;8,733;-11,492;-494,58;0,277;0,043
-0,834;8,369;-12,454;-505,135;0,409;-0,386
-0,407;6,958;-13,3;-513,305;-0,582;0,411
0,532;6,087;-12,772;-519,788;-0,02;0,317
-0,838;8,191;-12,623;-524,187;0,391;0,216
1,522;8,663;-11,252;-525,975;-0,261;0,681
2,509;7,195;-9,845;-527,187;-0,011;0,52
1,981;7,158;-8,041;-527,132;0,512;0,266
0,128;8,645;-5,917;-524,724;0,279;0,542
0,434;7,652;-5,597;-520,636;0,504;0,291
1,934;7,787;-5,198;-513,78;-0,232;0,295
0,168;7,577;-5,776;-504,635;0,08;0,575
-0,241;6,539;-5,877;-492,628;0,74;0,802
-0,494;6,378;-5,535;-479,661;-0,523;0,248
-0,429;8,859;-5,778;-465,367;-0,306;0,721
2,258;10,292;-6,229;-449,358;0,03;-0,586
0,066;10,612;-5,99;-430,938;0,013;-0,632
0,222;9,202;-5,587;-409,799;0,403;0,046
-1,237;8,875;-6,495;-387,555;0,032;0,331
0,205;9,125;-6,592;-364,148;0,662;0,246
1,947;9,469;-6,873;-340,674;-0,517;1,127
0,694;9,264;-7,868;-317,197;-0,08;1,255
0,928;10,029;-8,333;-295,045;0,105;0,368
-0,025;10,153;-6,308;-274,403;0,792;1,166
-1,535;9,445;-3,825;-255,103;0,147;0,477
-2,487;9,221;-3,635;-235,676;-0,014;0,16
0,715;9,239;-4,832;-214,556;-0,558;-0,675
-0,998;10,375;-5,753;-193,653;0,306;-1,292
0,423;10,296;-6,632;-173,687;-0,114;-1,008
1,059;9,081;-5,789;-153,94;0,389;-0,635
0,704;8,01;-4,821;-133,974;-0,421;0,803
2,127;10,905;-2,244;-116,292;-0,122;1,033
0,879;11,522;-0,798;-100,209;0,172;0,247
-0,309;11,336;0,742;-84,655;0,436;-0,733
0,659;9,633;0,974;-69,658;-0,353;-0,905
1,44;9,084;-0,016;-54,01;-0,015;0,429
-4,818;8,648;-1,858;-37,521;0,814;1,233
-1,216;8,11;-3,024;-20,215;0,847;0,247
1,132;7,376;-5,663;-2,894;0,551;0,241
-0,39;7,428;-7,126;14,203;0,154;0,054
-2,398;8,37;-8,283;30,843;0,443;0,477
0,526;8,282;-8,939;47,357;0,422;0,767
0,232;9,689;-9,992;65,113;0,258;0,212
2,916;8,147;-10,951;83,746;-0,279;-0,397
-0,3;10,645;-12,668;103,015;0,539;0,347
0,501;9,389;-14,164;123,512;-0,107;0,013
-1,256;8,703;-14,963;144,162;-0,357;0,538
-0,809;9,234;-15,614;165,75;0,642;0,332
-1,125;8,553;-15;188,27;-0,025;0,18
1,314;5,809;-13,549;211,685;-0,171;0,128
0,134;5,218;-13,076;235,822;-0,551;-0,023
-0,839;3,884;-13,494;262,329;-0,514;0,479
-1,49;2,315;-13,496;289,568;-0,233;-0,06
0,497;3,132;-15,833;314,954;0,88;-0,195
-1,515;2,914;-16,65;338,425;0,966;0,207
0,821;3,578;-18,51;360,329;-0,267;-0,541
0,151;3,313;-18,707;382,23;0,006;-0,074
-0,074;3,71;-18,375;402,298;-0,468;-0,234
-1,383;4,451;-17,451;421,58;-0,143;-0,619
-2,26;5,277;-17,508;442,258;-0,446;-0,195
0,3;4,139;-17,363;464,195;-0,729;0,108
-2,491;4,179;-19,358;486,244;0,804;0,222
-0,038;2,77;-18,873;508,238;0,426;0,652
-0,07;2,08;-20,369;528,091;-0,427;0,417
0,027;2,496;-20,465;546,822;-1,145;0,025
0,054;0,231;-21,908;565,451;-0,738;-0,138
-1,087;-0,435;-24,081;585,279;-0,762;-0,139
-0,119;-0,274;-24,884;606,523;0,229;0,311
-0,192;0,545;-25,569;629,46;0,508;0,083
0,69;0,924;-26,726;654,717;0,783;-0,101
-0,394;0,497;-28,909;682,028;0,319;0,215
-0,954;0,143;-30,661;709,139;0,009;0,384
-1,688;-0,637;-29,593;734,696;-0,824;-0,492
-1,141;0,347;-28,797;758,89;0,315;-0,515
1,215;-1,526;-27,528;782,426;-1,36;0,1
-1,256;-3,323;-27,837;805,777;-1,068;0,273
-0,429;-3,628;-29,396;828,008;-0,55;0,197
-0,718;-4,824;-30,517;849,418;-0,314;-0,078
-0,448;-5,227;-29,633;869,791;-0,43;-0,006
-0,552;-3,575;-29,73;890,547;0,498;-0,585
0,618;-4,053;-30,198;910,249;0,171;-0,568
-0,363;-3,906;-30,321;929,213;-0,033;0,025
1,03;-4,214;-28,993;946,481;-0,352;0,69
-0,998;-6,154;-27,043;962,342;0,045;0,58
-0,266;-6,076;-27,7;978,529;-0,343;0,371
0,634;-5,681;-27,746;997,126;0,522;-0,417
1,558;-4,556;-28,098;1017,016;0,573;-0,498
1,153;-3,835;-27,584;1038,291;0,097;0,145
1,417;-3,224;-27,41;1059,993;-0,04;0,532
-0,073;-2,275;-28,52;1081,14;0,034;0,291
-1,072;-2,034;-28,547;1101,303;-0,777;0,477
0,254;-2,209;-29,016;1121,353;0,523;-0,699
-1,37;-1,996;-29,37;1142,429;-0,489;-0,405
0,895;-3,182;-29,038;1165,274;-0,151;-0,502
-1,116;-2,103;-28,531;1188,912;-0,262;-0,158
0,259;-2,743;-29,554;1211,815;-0,154;0,376
-0,298;-2,52;-30,101;1231,803;0,337;0,004
0,006;-3,204;-31,74;1248,579;-0,072;-0,581
2,074;-3,245;-32,913;1264,473;0,209;-0,742
0,553;-3,738;-34,536;1277,902;0,46;-0,358
0,073;-2,766;-34,765;1290,053;-0,654;-0,293
0,979;-2,737;-34,543;1302,038;0,215;-0,389
0,498;-1,664;-32,68;1313,55;-0,302;0,485
0,222;-0,632;-31,67;1325,814;0,073;0,855
0,558;-0,422;-30,312;1339,576;0,019;-0,609
-0,542;0,346;-30,072;1354,925;-0,246;0,069
0,167;-0,06;-28,784;1372,321;-0,08;-0,662
-0,686;-0,408;-27,573;1390,219;-0,176;-0,779
-1,646;0,248;-26,444;1409,901;-0,433;-0,163
-0,702;0,105;-26,659;1430,515;-0,116;1,352
-0,675;1,272;-25,609;1451,603;0,477;0,365
0,723;-0,327;-25,478;1473,945;-0,701;-0,186
-0,371;-1,783;-25,619;1497,43;0,424;-0,513
1,193;-1,457;-26,505;1522,309;0,049;-0,016
0,761;-1,903;-27,149;1548,398;0,006;-0,171
-0,459;-0,684;-29,062;1575,782;-0,177;-0,515
-1,49;-0,693;-29,241;1602,489;0,475;-0,206
-0,384;1,432;-30,788;1627,576;0,196;0,659
-1,107;1,32;-31,776;1649,307;-0,18;-0,112
2,645;1,488;-31,448;1668,934;0,22;-0,306
0,887;2,273;-29,088;1687,248;-0,006;-0,848
-0,035;2,507;-27,6;1704,752;-0,016;-1,189
2,944;2,527;-26,924;1720,033;0,343;-0,276
0,357;5,388;-26,64;1733,546;0,16;0,341
0,918;6,52;-26,785;1746,352;-0,32;-0,34
-0,348;6,043;-25,699;1761,535;0,032;0,383
-0,454;7,318;-24,058;1778,068;-0,484;-0,643
-0,574;6,71;-22,014;1795,335;-0,302;0,429
-2,392;7,986;-21,223;1814,118;0,399;0,975
-0,639;7,577;-21,325;1834,649;-0,307;0,235
-0,599;5,694;-22,471;1855,717;0,597;-0,443
-0,314;5,279;-23,342;1876,479;-0,101;0,131
-0,535;6,68;-24,365;1898,376;0,355;-0,116
1,313;6,068;-24,531;1921,52;-0,058;0,186
-0,573;4,878;-23,969;1944,059;0,324;-0,373
-0,463;5,932;-21,914;1966,369;0,097;0,439
1,924;4,978;-21,262;1987,285;-0,148;-0,237
-0,208;5,747;-20,954;2005,798;-0,574;0,067
0,102;4,396;-21,54;2022,771;-0,089;0,939
0,994;4,78;-19,407;2038,294;-1,2;0,061
-0,281;5,578;-17,227;2052,887;-0,416;0,181
1,408;4,502;-15,837;2065,742;-0,237;1,401
-0,181;4,87;-14,521;2076,321;-0,225;0,622
1,53;4,433;-14,012;2086,409;0,63;0,542
-1,292;4,293;-14,227;2096,244;0,365;0,453
-0,012;4,947;-14,037;2106,715;0,179;-0,344
0,641;5,238;-14,669;2119,369;0,119;-0,193
-0,981;4,414;-14,873;2133,322;-1,154;0,118
-1,094;4,65;-16,682;2145,751;0,78;-0,435
0,146;4,653;-17,524;2158,362;-0,161;-0,581
0,244;4,915;-19,68;2170,921;-0,242;0,156
-1,354;5,002;-21,211;2182,133;-0,359;-0,741
-1,57;5,439;-20;2191,445;0,649;-0,961
1,123;3,784;-18,155;2199,804;-0,189;0,262
0,621;3,244;-18,329;2207,903;0,607;-0,383
0,087;4,385;-20,357;2213,786;0,171;-0,431
0,465;3,97;-21,987;2218,684;0,227;-0,048
0,926;3,171;-22,102;2223,038;-0,031;0,217
0,553;3,098;-23,048;2225,841;-0,292;0,76
1,499;3,001;-21,543;2227,749;0,129;-0,066
0,617;2,658;-19,424;2229,005;-0,185;0,179
-2,816;2,201;-17,978;2230,5;0,146;0,463
-0,623;1,084;-16,124;2231,145;0,338;0,157
0,345;-0,965;-14,784;2229,537;0,216;0,372
-0,647;-1,946;-14,099;2225,843;-0,055;-0,16
-1,625;-2,858;-14,878;2219,833;-0,394;0,447
1,082;-3,411;-14,698;2212,516;-0,053;-0,722
0,913;-1,913;-16,097;2204,517;0,811;0,042
-0,863;-1,451;-18,31;2195,234;0,062;0,281
-1,252;-1,521;-20,306;2184,742;-0,579;0,401
2,477;-2,432;-20,744;2174,134;-0,143;-0,101
0,777;-3,517;-20,513;2164,009;0,536;-0,691
-0,199;-3,623;-19,438;2154,302;1,179;-0,81
-1,264;-2,83;-19,683;2145;-0,118;-0,964
1,035;-4,966;-20,347;2135,296;-0,347;-0,205
2,125;-4,753;-22,16;2125,737;0,071;0,342
-0,649;-6,283;-23,562;2115,794;-0,242;0,422
0,277;-7,087;-25,842;2107,166;0,084;-0,381
0,885;-9,261;-25,879;2100,291;-0,205;0,117
-2,102;-8,766;-25,762;2094,811;-0,616;0,213
0,743;-8,333;-25,193;2091,095;0,072;-0,133
0,124;-7,63;-25,326;2090,231;-0,052;0,031
-0,341;-8,079;-25,177;2089,812;-0,784;-0,436
3,754;-7,015;-25,284;2090,116;-0,117;-0,041
0,736;-8,494;-26,994;2091,762;0,506;0,25
1,224;-9,379;-28,681;2093,73;-0,632;-0,043
1,668;-9,74;-30,406;2096,12;0,138;0,136
0,021;-9,844;-31,08;2099,285;0,295;0,171
-1,412;-9,812;-31,115;2103,834;0,451;0,04
1,371;-9,397;-30,044;2109,843;0,713;0,476
0,157;-8,817;-29,701;2117,06;0,284;0,702
0,056;-8,908;-28,923;2126,629;-0,161;-0,307
2,372;-8,903;-28,139;2139,079;0,322;-0,192
1,384;-7,143;-26,168;2153,658;0,396;0,141
-0,661;-8,084;-26,121;2170,09;0,245;-0,326
1,738;-8,329;-27,561;2187,162;-0,391;-0,648
0,405;-8,13;-29,62;2203,14;-0,088;-1,252
0,157;-8,233;-31,799;2218,614;0,066;-0,402
-0,271;-6,861;-31,085;2234,23;0,105;0,839
0,666;-7,349;-30,194;2250,242;0,098;0,719
-3,314;-7,842;-28,679;2266,606;-0,633;1,14
-0,125;-8,785;-28,692;2283,991;0,119;0,558
0,496;-7,593;-28,552;2304,613;-0,306;1,429
-0,544;-7,325;-29,028;2326,919;0,315;0,558
-2,027;-7,287;-27,941;2349,641;-0,018;1,502
0,68;-6,03;-28,523;2373,652;-1,094;1
-1,299;-6,145;-29,117;2398,479;-0,133;-0,637
-0,595;-7,39;-30,926;2422,274;-0,571;-0,388
0,147;-7,23;-31,06;2443,456;-0,326;0,37
-0,671;-7,42;-30,897;2463,503;0,503;-0,518
0,876;-8,818;-30,63;2483,041;0,341;0,465
-0,651;-8,654;-31,292;2500,471;0,351;-0,096
0,959;-8,906;-31,876;2515,662;0,209;-0,509
-0,568;-9,701;-31,798;2528,259;0,032;0,028
-0,278;-9,895;-30,251;2539,573;0,288;1,045
-1,221;-9,726;-30,138;2549,181;-0,631;-0,122
-1,019;-8,572;-29,236;2556,424;-0,468;-0,113
0,664;-8,027;-28,441;2562,054;-0,39;-0,533
-2,234;-7,05;-27,44;2567,449;0,658;-0,32
1,918;-7,395;-29,18;2573,225;-0,092;-0,48
-0,896;-7,864;-29,797;2578,335;-0,47;0,129
-1,041;-7,692;-30,236;2583,053;0,033;-0,02
0,619;-5,643;-31,184;2587,592;-0,502;-0,037
1,417;-6,759;-31,096;2591,314;-0,101;-0,485
1,756;-7,606;-33,297;2595,096;0,381;-0,422
0,349;-7,734;-34,105;2599,859;-0,235;0,178
-0,44;-8,172;-36,323;2605,16;-0,543;0,565
-1,117;-8,552;-36,951;2611,124;-0,066;-0,044
0,056;-8,104;-37,134;2617,278;-0,183;-0,123
1,405;-7,618;-37,935;2623,244;-0,422;0,952
0,468;-7,93;-38,102;2628,948;-0,653;0,79
2,026;-7,906;-38,017;2636,264;-0,876;-0,847
2,564;-9,22;-38,089;2645,4;0,212;-0,115
0,548;-9,03;-37,51;2655,044;0,661;-0,218
1,329;-9,344;-37,891;2664,438;-0,642;-0,745
0,751;-10,012;-37,519;2672,237;0,199;-0,096
-0,288;-8,329;-37,725;2679,18;-0,191;0,198
-3,393;-6,728;-37,368;2686,306;0,124;0,003
-0,353;-7,635;-37,531;2693,886;0,264;0,657
-2,407;-8,905;-36,895;2703,278;0,581;-0,093
-0,661;-10,25;-36,546;2716,158;0,739;0,404
0,681;-10,943;-35,818;2732,503;-0,189;-0,468
-0,203;-12,38;-34,718;2751,672;-0,52;-0,683
1,15;-11,472;-33,718;2774,111;-0,808;-0,453
-4,027;-9,142;-31,363;2799,5;0,123;0,336
1,056;-8,902;-29,509;2830,146;-0,716;0,317
-2;-9,272;-30,96;2861,683;0,578;-0,024
1,791;-7,738;-30,898;2892,877;-0,003;-0,659
0,023;-7,423;-31,061;2923,946;-0,072;0,23
0,015;-8,331;-31,301;2957,745;-0,592;0,726
1,621;-8,574;-32,502;2992,799;0,138;0,596
-1,301;-8,383;-34,603;3029,033;0,09;0,393
-1,19;-7,893;-36,067;3065,982;0,323;-0,199
0,946;-7,466;-37,578;3104,024;0,275;0,135
2,08;-5,914;-38,431;3143,719;0,52;-0,655
1,055;-5,969;-39,065;3184,633;-0,317;-0,483
0,514;-5,517;-40,498;3225,207;0,514;-0,062
0,332;-4,52;-41,922;3264,825;0,302;-0,422
-0,235;-4,256;-42,2;3303,696;-0,07;0,358
-0,159;-6,332;-41,65;3340,763;0,232;0,293
;;;;0,278;-0,06
;;;;0,577;-0,316
;;;;-0,048;-1,475
;;;;-0,494;-0,066
;;;;-0,21;0,873
;;;;0,003;-0,865
;;;;0,111;-0,38
;;;;0,237;-1,184
;;;;-0,6;-0,462
;;;;-0,033;0,206
;;;;-0,311;0,439
;;;;-0,211;0,999
;;;;0,207;0,601
;;;;0,043;0,572
;;;;-0,255;-0,882
;;;;0,173;-0,511
;;;;0,283;-1,113
;;;;-0,066;0,613
;;;;0,225;0,957
;;;;-0,595;-0,063
;;;;-0,109;0,63
;;;;0,285;-0,104
;;;;-0,668;0,912
;;;;-0,454;0,866
;;;;-0,146;0,873
;;;;0,408;1,143
;;;;-0,502;1,464
;;;;0,336;0,727
;;;;-0,291;0,979
;;;;-0,319;0,529
;;;;-0,406;0,922
;;;;1,069;1,226
;;;;-1,207;0,338
;;;;0,461;-0,647
;;;;0,4;0,763
;;;;0,5;0,498
;;;;-0,312;-0,221
;;;;0,833;-0,291
;;;;0,171;-0,102
;;;;0,825;0,389
;;;;0,781;-0,318
;;;;-0,175;-0,017
;;;;0,288;-0,176
;;;;0,949;-0,313
;;;;0,877;0,632
;;;;0,569;-0,586
;;;;0,458;-0,36
;;;;0,565;-0,506
;;;;0,461;0,293
;;;;0,466;0,847
;;;;1,086;-0,086
;;;;0,015;0,767
;;;;-0,26;1,707
;;;;0,298;0,814
;;;;0,457;-0,273
;;;;-0,733;0,093
;;;;-1,029;0,005
;;;;-0,077;-1,127
;;;;0,055;-0,493
;;;;0,943;-0,167
;;;;0,759;-0,051
;;;;0,923;0,547
;;;;-0,062;-0,242
;;;;1,932;0,699
;;;;-0,346;-0,536
;;;;0,348;-0,457
;;;;0,617;-0,946
;;;;0,557;-0,915
;;;;0,024;-1,444
;;;;-0,448;-0,178
;;;;-0,205;-0,129
;;;;1,229;-0,051
;;;;-0,273;0,347
;;;;0,17;-0,898
;;;;0,604;-0,337
;;;;0,393;-0,054
;;;;0,502;0,389
;;;;-0,429;-0,77
;;;;0,279;-0,269
;;;;0,675;0,592
;;;;0,035;0,668
;;;;0,221;0,431
;;;;-0,45;-0,606
;;;;-0,052;-0,917
;;;;0,939;-0,65
;;;;-0,298;-0,067
;;;;0,849;-0,474
;;;;-0,387;0,035
;;;;-0,975;-0,819
;;;;0,674;0,751
;;;;-0,322;0,074
;;;;1,321;0,357
;;;;-0,273;-0,464
;;;;-0,473;0,001
;;;;0,944;0,107
;;;;0,774;-0,422
;;;;-0,08;1,209
;;;;1,279;0,624
;;;;-0,735;0,498
;;;;1,165;-0,39
;;;;-1,161;-0,361
;;;;-0,062;-0,198
;;;;1,353;0,342
;;;;0,527;0,863
;;;;-0,123;1,796
;;;;-1,083;1,193
;;;;-0,475;1,168
;;;;-1,068;0,511
;;;;-1,121;0,628
;;;;0,257;-0,294
;;;;0,895;-0,563
;;;;0,214;0,116
;;;;-0,2;0,127
;;;;-0,207;0,646
;;;;-1,166;1,117
;;;;0,248;0,34
;;;;-0,563;0,015
;;;;-0,579;-0,232
;;;;-0,118;-0,436
;;;;-0,22;0,331
;;;;0,821;-0,416
;;;;0,322;0,539
;;;;0,016;0,584
;;;;0,798;0,054
;;;;-0,551;0,101
;;;;0,424;0,087
;;;;-1,033;-0,931
;;;;-1,239;0,169
;;;;0,516;0,405
;;;;-0,466;-0,231
;;;;0,733;-0,615
;;;;0;-0,122
;;;;0,976;-0,443
;;;;-0,737;0,451
;;;;-0,448;-0,386
;;;;2,178;0,328
;;;;-0,166;0,096
;;;;-0,442;-0,071
;;;;-1,162;-0,255
;;;;-0,128;0,379
;;;;-1,175;0,408
;;;;1,389;0,176
;;;;0,576;-0,073
;;;;-0,042;-0,613
;;;;-0,864;0,896
;;;;-0,9;-0,137
;;;;-0,257;0,546
;;;;0,621;0,427
;;;;-0,383;-0,139
;;;;0,083;-1,23
;;;;-0,352;-0,166
;;;;-0,039;-0,66
;;;;0,361;-0,625
;;;;0,03;-0,168
;;;;0,243;0,428
;;;;-0,394;0,37
;;;;0,143;-0,11
;;;;-0,588;-0,113
;;;;-0,46;0,294
;;;;-0,206;0,495
;;;;1,349;0,425
;;;;1,511;0,622
;;;;1,032;0,471
;;;;-0,347;0,061
;;;;-0,578;-0,205
;;;;0,538;1,008
;;;;-0,793;0,809
;;;;-0,722;-0,016
;;;;1,23;-0,625
;;;;-0,334;-0,881
;;;;-0,107;-0,474
;;;;0,285;-1,148
;;;;-1,085;0,183
;;;;-0,171;0,276
;;;;-0,859;0,699
;;;;-0,721;-0,491
;;;;-0,07;-0,868
;;;;0,914;-0,892
;;;;0,478;-0,316
;;;;-1,278;-0,068
;;;;0,527;-0,464
;;;;-0,188;-0,163
;;;;0,361;1,02
;;;;0,056;1,151
;;;;0,264;1,384
;;;;0,063;1,895
;;;;-0,51;0,465
;;;;0,444;-1,081
;;;;-1,403;0,988
;;;;0,44;2,319
;;;;-0,888;0,433
;;;;1,099;2,196
;;;;-0,677;1,622
;;;;0,082;2,313
;;;;-0,344;1,419
;;;;-1,103;0,786
;;;;-1,216;-2,843
;;;;-1,666;-1,444
;;;;-0,219;-0,091
;;;;2,003;0,318
;;;;-1,04;-1,413
;;;;-0,02;-0,78
;;;;-1,144;2,247
;;;;0,071;-0,446
;;;;1,399;-0,369
;;;;0,333;0,827
;;;;0,96;0,464
;;;;1,134;1,375
;;;;1,56;0,824
;;;;-1,722;1,547
;;;;-0,057;-0,467
;;;;1,164;-1,356
;;;;0,008;-0,798
;;;;1,44;0,92
;;;;0,896;0,91
;;;;-0,213;0,202
;;;;-0,684;-0,666
;;;;-0,032;-0,817
;;;;0,288;0,875
;;;;-0,203;-0,954
;;;;1,165;-1,332
;;;;0,439;-1,55
;;;;0,306;-0,347
;;;;0,059;-1,363
;;;;0,063;-1,184
;;;;-0,494;-0,788
;;;;0,187;1,27
;;;;-0,455;0,457
;;;;0,61;-0,766
;;;;1,051;-1,735
;;;;0,371;-1,262
;;;;-0,137;-1,226
;;;;0,667;-1,302
;;;;1,112;0,712
;;;;1,11;0,847
;;;;-0,444;1,08
;;;;-0,134;-1,443
;;;;0,031;0,338
;;;;0,159;2,248
;;;;0,14;0,613
;;;;-0,765;1,909
;;;;0,373;0,997
;;;;0,503;-1,255
;;;;0,476;-0,309
;;;;0,225;0,42
;;;;0,071;0,355
;;;;-0,064;-0,011
;;;;-0,154;1,786
;;;;0,582;2,528
;;;;-0,555;0,877
;;;;-0,432;0,095
;;;;0,575;0,392
;;;;-0,443;-0,179
;;;;-0,689;-0,168
;;;;-0,313;-0,371
;;;;0,039;-0,872
;;;;0,729;0,865
;;;;0,482;0,372
;;;;0,196;0,05
;;;;-0,463;-0,303
;;;;-0,955;0,123
;;;;-0,019;-0,001
;;;;0,128;0,201
;;;;0,502;0,242
;;;;0,265;0,469
;;;;0,469;0,529
;;;;-0,498;-0,243
;;;;0,957;-0,53
;;;;-0,3;-0,533
;;;;0,123;0,446
;;;;-1,007;1,456
;;;;0,822;0,493
;;;;0,642;0,621
;;;;-1,594;0,657
;;;;0,25;0,051
;;;;1,336;-0,343
;;;;-0,904;-0,114
;;;;-0,544;0,392
;;;;-1,271;0,45
;;;;-0,744;0,718
;;;;-0,384;0,558
;;;;2,413;0,885
;;;;-0,432;0,299
;;;;0,676;0,537
;;;;-0,488;0,027
;;;;0,465;-0,068
;;;;1,269;0,235
;;;;-0,348;-0,184
;;;;0,533;-0,151
;;;;1,256;0,075
;;;;1,065;-0,434
;;;;-0,515;-1,276
;;;;-0,482;0,28
;;;;0,551;-0,154
;;;;0,715;-0,077
;;;;0,032;1,006
;;;;0,074;0,472
;;;;0,657;-0,881
;;;;0,033;-0,061
;;;;-1,057;-0,42
;;;;1,166;-0,224
;;;;0,18;-0,84
;;;;-0,904;-0,46
;;;;0,839;0,449
;;;;0,198;0,483
;;;;0,103;0,218
;;;;-0,803;-0,481
;;;;-0,444;-0,738
;;;;0,559;-0,135
;;;;0,75;0,53
;;;;-0,566;0,579
;;;;-0,867;0,193
;;;;-0,036;-0,442
;;;;-0,239;-0,211
;;;;-0,305;-0,786
;;;;1,314;0,201
;;;;0,096;0,573
;;;;-0,912;0,215
;;;;-0,007;-0,121
;;;;-0,466;-1,295
;;;;-1,268;0,333
;;;;0,494;0,611
;;;;0,329;0,337
;;;;-0,873;0,343
;;;;0,512;-1,277
;;;;-0,612;-0,951
;;;;1,434;-0,324
;;;;-0,841;0,032
;;;;0,356;0,474
;;;;0,132;-0,018
;;;;0,366;-0,393
;;;;-0,745;0,421
;;;;0,125;-0,29
;;;;-1,176;-0,953
;;;;0,17;0,114
;;;;-0,807;0,247
;;;;0,375;-0,348
;;;;0,449;0,377
;;;;0,473;0,553
;;;;-0,295;-0,318
;;;;0,372;-0,223
;;;;0,46;0,41
;;;;-0,876;0,696
;;;;-0,058;-0,277
;;;;0,17;0,671
;;;;-0,218;0,451
;;;;0,63;0,821
;;;;0,356;-0,414
;;;;-0,059;0,021
;;;;-0,565;0,208
;;;;0,224;-0,638
;;;;0,119;-0,156
;;;;0,112;-0,819
;;;;-0,643;-0,116
;;;;-0,61;-0,263
;;;;0,124;0,953
;;;;-0,592;1,354
;;;;0,566;0,116
;;;;0,006;-0,834
;;;;-0,318;0,857
;;;;-0,25;-0,175
;;;;0,573;0,596
;;;;-0,289;-0,703
;;;;-0,103;-1,358
;;;;-0,525;-0,038
;;;;0,073;1,501
;;;;0,327;0,912
;;;;0,648;-0,72
;;;;-0,226;-0,122
;;;;0,128;-0,425
;;;;0,346;-0,939
;;;;-0,187;-1,3
;;;;-0,147;-0,482
;;;;-0,493;-1,888
;;;;-0,612;-2,208
;;;;0,325;-1,818
;;;;0,341;1,358
;;;;-0,03;0,19
;;;;0,522;0,373
;;;;-0,139;0,308
;;;;0,133;-0,645
;;;;-0,383;0,477
;;;;0,034;-0,941
;;;;-0,115;-0,071
;;;;-0,593;0,463
;;;;-0,351;-0,842
;;;;0,132;-0,45
;;;;0,085;1,042
;;;;-0,139;0,553
;;;;0,614;0,756
;;;;0,068;0,687
;;;;-0,657;-0,763
;;;;1,089;-0,858
;;;;0,501;-0,171
;;;;0,771;-1,218
;;;;-0,438;-0,59
;;;;0,165;-1,113
;;;;0,567;-0,641
;;;;0,52;-0,884
;;;;-0,292;0,549
;;;;-0,14;1,03
;;;;-0,218;0,09
;;;;0;-1,612
;;;;0,332;-1,046
;;;;-0,58;-0,52
;;;;0,144;0,531
;;;;0,174;0,243
;;;;-0,333;-0,018
;;;;0,191;0,56
;;;;0,017;0,128
;;;;0,358;0,661
;;;;-0,131;-0,062
;;;;0,022;0,331
;;;;-0,039;0,219
;;;;-0,53;0,428
;;;;0,539;0,138
;;;;0,145;-0,009
;;;;-0,295;-0,139
;;;;0,621;-0,813
;;;;-0,002;-0,234
;;;;-0,357;0,316
;;;;0,481;0,5
;;;;0,415;0,153
;;;;0,306;0,083
;;;;-0,136;-0,007
;;;;0,089;-0,362
;;;;0,562;0,369
;;;;-0,354;-0,685
;;;;0,08;-0,633
;;;;0,315;-0,629
;;;;0,302;-0,955
;;;;0,897;0,074
;;;;-0,364;-0,299
;;;;0,046;0,753
;;;;-0,401;0,374
;;;;0,487;-0,137
;;;;0,251;-1,392
;;;;0,459;-0,541
;;;;-0,063;0,025
;;;;0,102;0,167
;;;;-0,121;-0,667
;;;;-0,401;-1,218
;;;;0,139;0,819
;;;;0,362;0,519
;;;;-0,285;0,758
;;;;-0,736;-0,274
;;;;-0,235;0,17
;;;;-0,881;1,111
;;;;0,496;-0,839
;;;;0,614;-0,516
;;;;-0,395;0,06
;;;;0,468;0,907
;;;;0,568;0,053
;;;;0,68;-0,489
;;;;1,886;-2,092
;;;;-0,638;-1,433
;;;;-0,464;0,126
;;;;0,229;-0,75
;;;;0,242;-0,383
;;;;0,028;0,415
;;;;-0,46;-0,979
;;;;-0,19;0,114
;;;;0,477;0,568
;;;;0,626;0,26
;;;;-0,387;1,489
;;;;-0,746;1,452
;;;;0,689;0,138
;;;;-0,616;-0,463
;;;;-0,656;-0,731
;;;;0,538;-0,128
;;;;0,488;0,155
;;;;-0,052;-0,534
;;;;0,12;1,117
;;;;-0,438;0,77
;;;;0,047;1,685
;;;;0,497;1,328
;;;;-0,068;-0,316
;;;;0,644;-1,694
;;;;-0,991;-0,868
;;;;0,235;0,38
;;;;0,185;1,342
;;;;0,946;0,708
;;;;0,546;-0,867
;;;;-0,583;0,212
;;;;0,412;0,236
;;;;0,412;-0,318
;;;;-0,781;-0,161
;;;;-0,291;-0,431
;;;;-0,034;-0,377
;;;;0,423;0,239
;;;;0,536;-0,858
;;;;0,804;0,241
;;;;-0,062;-0,559
;;;;-0,596;0,853
;;;;-0,207;-0,442
;;;;0,188;-0,622
;;;;0,093;-1,01
;;;;-0,257;-0,554
;;;;-0,332;0,588
;;;;0,545;-0,829
;;;;0,266;-0,149
;;;;-0,295;-0,07
;;;;0,369;-0,31
;;;;0,349;-0,707
;;;;0,068;-0,935
;;;;0,434;1,019
;;;;-0,209;-0,511
;;;;-0,791;-0,48
;;;;1,034;-0,595
;;;;0,483;-1,691
;;;;-0,246;-1,136
;;;;0,477;-1,564
;;;;-0,026;-2,398
;;;;-0,782;-0,467
;;;;-0,258;-0,948
;;;;-0,633;0,124
;;;;-0,822;0,457
;;;;0,493;1,088
;;;;0,411;-0,545
;;;;-0,557;-0,135
;;;;-0,189;-1,059
;;;;0,973;-0,994
;;;;-0,93;0,645
;;;;-0,634;0,219
;;;;-0,012;0,838
;;;;-1,347;0,118
;;;;-0,858;-0,688
;;;;0,447;0,806
;;;;0,84;0,88
;;;;1,362;0,104
;;;;0,341;0,583
;;;;0,736;0,767
;;;;0,198;0,205
;;;;0,35;-0,039
;;;;0,531;0,505
;;;;-0,034;0,327
;;;;0,194;0,037
;;;;-1,134;-0,452
;;;;0,495;-0,195
;;;;-0,056;0,803
;;;;0,108;1,08
;;;;0,159;1,001
;;;;-0,31;0,032
;;;;0,142;-0,401
;;;;0,028;0,477
;;;;0,196;0,337
;;;;-0,325;-0,159
;;;;0,598;-0,457
;;;;-0,474;0,227
;;;;-0,764;-0,303
;;;;-0,053;-0,692
;;;;0,952;0,218
;;;;-1,098;-0,119
;;;;-0,828;-0,435
;;;;1,495;-0,673
;;;;1,264;-0,41
;;;;-0,439;-1,338
;;;;-1,504;-1,703
;;;;-0,276;0,604
;;;;-0,316;0,188
;;;;-0,29;0,723
;;;;-1,255;-0,446
;;;;1,199;0,595
;;;;0,081;-0,816
;;;;-0,021;-1,408
;;;;0,989;0,193
;;;;1,591;-0,493
;;;;-0,668;-0,381
;;;;1,458;-0,27
;;;;0,707;-1,38
;;;;1,12;0,994
;;;;1,412;0,216
;;;;-1,496;1,397
;;;;0,73;1,232
;;;;0,25;1,668
;;;;0,429;0,749
;;;;-2,462;1,313
;;;;0,869;-0,154
;;;;-1,219;0,634
;;;;0,451;-0,794
;;;;-0,61;-1,744
;;;;0;-1,641
;;;;1,023;-1,396
;;;;1,523;-0,455
;;;;-0,86;0,566
;;;;-0,028;-0,028
;;;;0,927;1,261
;;;;-0,296;-0,901
;;;;-0,159;-0,635
;;;;-0,397;-0,002
;;;;-1,015;-0,856
;;;;0,185;0,172
;;;;0,002;-0,606
;;;;0,975;-0,243
;;;;0,644;-1,056
;;;;0,415;-0,639
;;;;-0,99;0,269
;;;;-0,698;-0,21
;;;;0,354;0,753
;;;;0,258;-0,531
;;;;-0,262;0,335
;;;;-0,178;0,588
;;;;1,269;-0,824
;;;;-0,744;0,31
;;;;-0,262;0,467
;;;;-0,244;-1,612
;;;;0,083;0,781
;;;;0,636;-0,078
;;;;-0,42;1,415
;;;;0,45;1,277
;;;;-0,868;1,276
;;;;-0,752;0,177
;;;;-0,256;-1,205
;;;;-0,556;-3,3
;;;;0,201;-2,04
;;;;0,227;-1,466
;;;;-0,32;-0,865
;;;;-1,192;0,014
;;;;0,041;-1,468
;;;;-0,629;0,871
;;;;0,042;0,075
;;;;-0,789;1,327
;;;;0,991;-1,775
;;;;0,932;-4,993
;;;;-0,368;-3,204
;;;;0,052;-1,874
;;;;0,037;-1,351
;;;;-0,442;0,8
;;;;0,854;0,49
;;;;-0,67;-0,181
;;;;-0,266;-0,585
;;;;0,379;-1,748
;;;;0,222;1,688
;;;;0,766;-0,425
;;;;0,005;0,686
;;;;-0,962;-1,076
;;;;-0,159;-1,486
;;;;-0,15;-2,526
;;;;0,975;0,933
;;;;-0,216;-0,446
;;;;0,553;0,915
;;;;-0,393;-2,216
;;;;-1,24;-3,07
;;;;-1,181;-2,294
;;;;0,921;-0,425
;;;;-0,123;0,569
;;;;0,094;4,105
;;;;0,067;-0,056
;;;;-0,831;-1,25
;;;;-0,396;-0,266
;;;;0,935;0,97
;;;;0,806;1,83
;;;;-1,184;-0,273
;;;;-0,331;-1,841
;;;;0,085;-2,689
;;;;-0,289;-0,723
;;;;0,227;-2,194
;;;;-1,369;-1,297
;;;;0,524;-0,37
;;;;-0,141;0,543
;;;;0,387;-1,358
;;;;1,053;-1,645
;;;;0,346;1,122
;;;;0,457;-0,175
;;;;0,792;-0,934
;;;;0,783;1,254
;;;;-0,232;1,892
;;;;-0,202;2,735
;;;;0,074;1,33
;;;;0,039;0,38
;;;;0,532;0,415
;;;;-0,256;1,354
;;;;-0,099;-0,873
;;;;0,126;-1,635
;;;;0,483;0,26
;;;;-0,46;-1,029
;;;;-0,159;0,794
;;;;0,223;1,539
;;;;0,191;2,019
;;;;-0,009;0,945
;;;;-0,279;-0,134
;;;;-0,571;0,168
;;;;-1,239;-0,083
;;;;0,174;-1,227
;;;;-0,428;-0,719
;;;;-0,009;0,204
;;;;-0,433;1,643
;;;;-0,787;-1,426
;;;;0,175;-0,077
;;;;-0,505;0,849
;;;;-0,736;0,62
;;;;-0,396;1,356
;;;;0,13;1,925
;;;;0,086;0,342
;;;;0,212;-0,384
;;;;0,597;0,596
;;;;-0,016;0,226
;;;;0,532;-0,254
;;;;0,483;0,24
;;;;0,209;0,375
;;;;0,41;0,057
;;;;-0,205;-0,095
;;;;-0,109;0,308
;;;;-0,225;0,215
;;;;0,036;0,22
;;;;-0,357;-0,388
;;;;0,255;-0,937
;;;;-0,367;-0,696
;;;;-1,161;-0,207
;;;;0,029;0,146
;;;;-0,052;0,624
;;;;-0,776;0,072
;;;;1,015;0,736
;;;;-1,348;0,398
;;;;-0,052;-0,836
;;;;-0,788;-1,538
;;;;0,542;-1,19
;;;;0,616;-1,269
;;;;0,713;-1,012
;;;;-0,093;0,424
;;;;-0,182;0,184
;;;;0,353;1,236
;;;;0,041;1,011
;;;;0,034;0,845
;;;;-0,015;-1,217
;;;;-0,323;-0,583
;;;;0,569;-0,004
;;;;0,938;-0,046
;;;;-0,665;-0,509
;;;;0,386;-1,097
;;;;0,682;0,464
;;;;-0,027;0,915
;;;;-0,045;0,934
;;;;-0,236;0,287
;;;;0,667;0,647
;;;;-0,276;-0,509
;;;;0,218;-0,304
;;;;0,138;-1,462
;;;;-0,376;0,041
;;;;-0,062;-0,705
;;;;-0,629;0,006
;;;;0,418;-1,451
;;;;-0,406;-1,185
;;;;-0,22;-0,26
;;;;-0,312;-0,882
;;;;0,68;-1,078
;;;;-0,857;0,397
;;;;0,231;0,331
;;;;-0,105;0,025
;;;;-0,015;0,751
;;;;-0,67;1,155
;;;;-0,608;1,101
;;;;-0,73;0,697
;;;;-0,223;0,831
;;;;0,637;0,111
;;;;-0,584;-0,146
;;;;-0,121;-0,434
;;;;-0,775;-0,266
;;;;-0,441;0,485
;;;;-0,417;-0,247
;;;;-0,194;0,424
;;;;-0,621;1,032
;;;;0,369;0,212
;;;;0,938;-0,461
;;;;0,643;-0,251
;;;;0,348;-0,077
;;;;0,304;1,39
;;;;0,296;0,386
;;;;0,632;0,552
;;;;0,068;0,941
;;;;-0,202;1,036
;;;;0,12;0,738
;;;;-0,207;-0,931
;;;;0,545;-0,867
;;;;-0,087;-0,779
;;;;0,411;1,261
;;;;0,039;1,095
;;;;0,799;0,891
;;;;0,35;-1,298
;;;;0,678;-1,084
;;;;1,297;-0,402
;;;;-0,968;-0,185
;;;;0,638;0,056
;;;;-0,699;1,355
;;;;-0,489;1,816
;;;;0,655;-0,221
;;;;0,64;0,131
;;;;0,695;-0,665
;;;;-0,638;-0,309
;;;;0,894;-1,78
;;;;0,433;0,061
;;;;-1,097;-0,984
;;;;-0,226;-1,372
;;;;-0,358;-1,069
;;;;0,637;0,507
;;;;0,431;-1,13
;;;;-0,83;0,247
;;;;-0,579;1,363
;;;;1,069;1,175
;;;;-0,534;-0,454
;;;;1,054;0,984
;;;;-1,009;-0,881
;;;;0,329;-1,51
;;;;-0,212;0,18
;;;;0,467;0,49
;;;;1,591;-0,336
;;;;-0,238;-0,616
;;;;-0,97;-0,827
;;;;-0,334;0,013
;;;;1,019;-0,518
;;;;1,167;0,778
;;;;-0,016;0,463
;;;;-0,232;-0,013
;;;;-0,002;0,001
;;;;-0,244;0,832
;;;;0,185;1,131
;;;;-0,432;-0,022
;;;;0,164;1,373
;;;;-0,637;0,579
;;;;0,087;0,372
;;;;0,82;0,275
;;;;-0,073;-0,937
;;;;0,697;0,265
;;;;-0,114;-1,913
;;;;0,203;0,434
;;;;-0,199;0,834
;;;;-0,485;1,173
;;;;0,089;0,695
;;;;-0,857;0,858
;;;;0,248;-0,756
;;;;1,163;-0,203
;;;;-0,572;1,765
;;;;-0,078;1,583
;;;;0,102;-1,258
;;;;-0,967;0,506
;;;;1,498;1,531
;;;;0,663;0,078
;;;;-0,357;-0,051
;;;;-0,825;-0,257
;;;;-0,417;1,212
;;;;0,353;0,76
;;;;-1,265;-0,285
;;;;0,362;-1,735
;;;;-1,354;-1,859
;;;;1,047;-0,133
;;;;0,233;-0,612
;;;;0,569;-0,118
;;;;-1,159;0,618
;;;;0,494;0,032
;;;;0,843;0,219
;;;;-1,194;0,489
;;;;0,136;-0,589
;;;;-0,551;-1,362
;;;;-0,325;0,67
;;;;0,984;0,809
;;;;0,052;-0,984
;;;;0,278;0,695
;;;;0,379;-0,062
;;;;0,273;1,311
;;;;0,878;-0,379
;;;;-0,529;-1,376
;;;;0,504;-2,03
;;;;-0,711;-0,063
;;;;-0,171;0,012
;;;;0,114;0,41
;;;;-0,982;1,507
;;;;-0,368;1,595
;;;;-0,424;1,066
;;;;-0,861;-1,122
;;;;-1,258;0,958
;;;;0,927;0,775
;;;;0,102;1,473
;;;;0,766;-0,147
;;;;0,731;2,047
;;;;-0,105;0,924
;;;;-0,065;1,085
;;;;-0,055;0,708
;;;;-1,574;-2,747
;;;;-1,409;-1,808
;;;;0,221;-1,601
;;;;-0,792;-4,153
;;;;0,715;-3,21
;;;;0,267;-1,012
;;;;-0,295;-0,973
;;;;0,059;-1,081
;;;;0,019;-0,691
;;;;-1,248;-0,384
;;;;0,783;-1,513
;;;;0,259;-2,363
;;;;-0,494;0,052
;;;;-0,005;0,215
;;;;0,345;1,288
;;;;0,028;0,718
;;;;0,311;0,179
;;;;-0,177;-0,085
;;;;0,294;1,359
;;;;-0,41;1,475
;;;;-0,483;1,799
;;;;-0,569;1,187
;;;;-0,228;-0,392
;;;;0,242;-1,033
;;;;0,299;-0,56
;;;;0,341;0,256
;;;;0,33;-0,099
;;;;-0,838;0,376
;;;;-0,06;-0,004
;;;;-0,546;0,185
;;;;-0,26;-0,183
;;;;0,164;0,032
;;;;-0,641;0,705
;;;;-0,085;-0,723
;;;;-0,097;-0,079
;;;;0,47;0,594
;;;;0,154;0,318
;;;;-0,288;-0,665
;;;;0,116;-1,423
;;;;-0,96;-0,733
;;;;-0,156;-0,594
;;;;0,306;-0,702
;;;;0,135;-0,39
;;;;-1,215;-0,675
;;;;0,353;0,157
;;;;0,349;0,901
;;;;0,153;0,759
;;;;-0,532;0,003
;;;;0,304;-0,05
;;;;-0,649;0,266
;;;;-0,602;0,182
;;;;-0,343;-1,312
;;;;-0,137;-0,299
;;;;-0,219;-0,005
;;;;-0,222;0,706
;;;;-0,545;-0,745
;;;;0,532;-0,734
;;;;-0,117;-1,563
;;;;0,493;-0,037
;;;;-1,064;-0,874
;;;;0,007;1,066
;;;;-0,222;0,178
;;;;0,968;-0,114
;;;;0,255;0,361
;;;;0,331;1,603
;;;;0,341;-0,111
;;;;0,799;-0,633
;;;;-0,122;-0,18
;;;;0,821;-0,499
;;;;0,464;-1,412
;;;;0,085;0,28
;;;;-0,032;-0,129
;;;;0,439;-0,451
;;;;0,635;-0,447
;;;;0,521;-0,258
;;;;0,234;-0,731
;;;;0,222;-1,213
;;;;-0,369;0,937
;;;;0,773;0,856
;;;;-0,345;0,464
;;;;0,159;0,944
;;;;-0,273;0,13
;;;;-1,29;-0,168
;;;;0,314;-0,24
;;;;-0,961;0,275
;;;;0,356;-0,12
;;;;0,201;-0,312
;;;;-1,029;0,267
;;;;0,16;0,499
;;;;0,827;0,369
;;;;-0,511;-0,252
;;;;-0,672;-0,137
;;;;-1,132;-0,562
;;;;-0,364;-0,447
;;;;0,133;-0,44
;;;;0,706;0,974
;;;;-0,497;0,744
;;;;0,124;0,652
;;;;-0,021;0,885
;;;;-0,017;0,275
;;;;-0,683;0,01
;;;;-0,233;-0,954
;;;;-0,052;0,08
;;;;-0,115;0,686
;;;;-0,166;0,259
;;;;0,427;-1,256
;;;;-0,074;0,439
;;;;0,107;1,8
;;;;0,412;1,082
;;;;-0,288;0,389
;;;;0,007;0,24
;;;;0,706;-0,454
;;;;-0,728;0,366
;;;;0,096;1,286
;;;;0,506;1,004
;;;;0,103;0,591
;;;;-0,01;0,424
;;;;0,45;-0,543
;;;;0,428;-0,932
;;;;-0,431;-0,659
;;;;-0,534;0,324
;;;;0,095;0,091
;;;;-0,384;-0,492
;;;;-0,046;-0,495
;;;;-1,081;-0,389
;;;;0,617;-0,444
;;;;0,528;-1,451
;;;;0,288;-0,38
;;;;-0,466;1,101
;;;;0,288;0,809
;;;;0,263;1,609
;;;;0,701;1,79
;;;;-0,235;-0,21
;;;;0,194;-1,2
;;;;0,837;-0,891
;;;;-0,084;-0,346
;;;;0,661;0,745
;;;;-0,509;-0,473
;;;;-0,299;-0,034
;;;;-0,476;-0,17
;;;;-0,133;0,297
;;;;-0,735;0,02
;;;;-0,75;-0,509
;;;;-0,819;-0,303
;;;;1,142;0,268
;;;;0,547;-1,314
;;;;0,057;-0,985
;;;;1,317;-0,658
;;;;-0,76;0,231
;;;;1,105;-0,611
;;;;-0,319;-1,085
;;;;-0,908;0,263
;;;;0,326;0,389
;;;;1,708;0,124
;;;;0,341;1,05
;;;;0,57;-0,065
;;;;-1,376;-0,397
;;;;0,278;-0,434
;;;;0,943;-0,755
;;;;1,106;0,062
;;;;-2,161;0,425
;;;;-2,103;0,917
;;;;-0,845;0,815
;;;;-0,815;-0,668
;;;;-1,308;-0,585
;;;;-0,674;0,353
;;;;0,801;-0,097
;;;;-1,322;-0,445
;;;;1,513;-0,636
;;;;0,484;0,341
;;;;-0,228;0,315
;;;;0,964;-0,134
;;;;-0,927;0,826
;;;;-0,258;0,101
;;;;0,503;-0,267
;;;;0,68;0,205
;;;;0,184;-0,142
;;;;-0,616;0,217
;;;;-1,868;-0,502
;;;;1,794;-0,542
;;;;0,6;-0,592
;;;;0,023;-0,088
;;;;1,113;0,118
;;;;0,38;-0,188
;;;;-0,041;-0,205
;;;;-2,375;-0,229
;;;;1,884;-0,032
;;;;3,898;-0,102
;;;;-2,353;0,605
;;;;1,486;0,243
;;;;-1,741;0,656
;;;;1,445;-0,831
;;;;1,416;-0,837
;;;;-0,677;0,165
;;;;0,044;-0,007
;;;;-2,466;-0,72
;;;;-1,748;-0,737
;;;;0,461;-0,708
;;;;0,62;-1,043
;;;;-1,389;-0,559
;;;;-2,814;-0,447
;;;;1,762;0,064
;;;;-0,875;-0,112
;;;;-0,171;-0,246
;;;;-0,309;-0,567
;;;;1,64;0,201
;;;;-0,845;0,034
;;;;-0,817;0,431
;;;;-0,932;0,101
;;;;0,224;0,224
;;;;1,012;0,333
;;;;-1,841;-0,09
;;;;-0,778;0,522
;;;;-1,383;0,279
;;;;1,431;0,662
;;;;0,684;1,211
;;;;-0,27;0,274
;;;;-2,602;-0,398
;;;;1,518;-0,142
;;;;-3,248;-0,154
;;;;2,113;0,035
;;;;-1,242;0,815
;;;;-1,302;-0,418
;;;;-0,175;0,436
;;;;0,143;0,285
;;;;0,884;0,36
;;;;-0,068;0,492
;;;;-1,632;1,034
;;;;-1,243;0,656
;;;;0,975;-0,485
;;;;-0,023;-1,041
;;;;1,091;-1,003
;;;;-0,403;-0,748
;;;;1,387;0,254
;;;;0,626;0,629
;;;;0,128;0,727
;;;;1,137;0,331
;;;;-0,973;0,466
;;;;1,234;-0,694
;;;;-0,538;-0,307
;;;;0,472;-1,2
;;;;-0,312;-1,597
;;;;-0,344;-0,831
;;;;-1,953;-0,484
;;;;0,861;-0,557
;;;;1,499;0,171
;;;;-0,224;-0,398
;;;;2,179;-0,597
;;;;-0,886;-0,691
;;;;-0,068;-1,165
;;;;0,348;-0,309
;;;;0,407;0,619
;;;;0,316;0,031
;;;;-0,322;0,502
;;;;0,377;1,155
;;;;0,331;-0,891
;;;;0,063;0,005
;;;;-0,457;0,562
;;;;-0,573;0,333
;;;;-0,494;0,403
;;;;-1,564;1,046
;;;;-0,56;1
;;;;1,014;0,778
;;;;-0,412;-0,531
;;;;-0,104;0,158
;;;;0,769;0,598
;;;;-0,582;0,893
;;;;0,084;-0,346
;;;;-0,691;-0,679
;;;;0,724;-0,588
;;;;-0,483;-1,589
;;;;1,525;0,139
;;;;-0,719;0,077
;;;;1,357;-0,162
;;;;-0,754;-0,276
;;;;1,306;0,192
;;;;-1,453;0,528
;;;;-0,775;-0,792
;;;;0,743;0,216
;;;;0,907;-0,178
;;;;0,686;-0,633
;;;;0,526;-0,45
;;;;1,541;-0,63
;;;;0,94;-1,056
;;;;0,454;0,13
;;;;-0,49;0,074
;;;;-1,233;-1,357
;;;;-0,07;-0,328
;;;;0,892;0,234
;;;;-0,412;1,305
;;;;-1,075;-1,451
;;;;-0,934;-0,463
;;;;0,461;1,966
;;;;0,244;-0,648
;;;;-0,336;0,086
;;;;-0,086;0,8
;;;;-0,25;1,34
;;;;-1,379;2,088
;;;;-0,535;-0,859
;;;;-1,153;-0,889
;;;;-0,771;0,379
;;;;-0,797;-0,978
;;;;-0,374;1,328
;;;;1,485;0,819
;;;;0,438;-0,36
;;;;0,381;-0,942
;;;;-0,603;-0,793
;;;;0,592;-0,874
;;;;-1,025;0,335
;;;;-0,72;-0,949
;;;;-1,286;-0,272
;;;;-1,975;0,667
;;;;-2,778;1,603
;;;;-0,416;1,127
;;;;1,05;0,151
;;;;-0,54;-0,042
;;;;0,892;-0,078
;;;;-1,054;-0,283
;;;;0,706;-0,533
;;;;1,015;0,04
;;;;0,169;-0,503
;;;;1,052;0,938
;;;;1,349;0,223
;;;;1,356;-0,153
;;;;0,081;0,035
;;;;0,346;-0,197
;;;;2,025;0,265
;;;;0,05;-0,339
;;;;0,904;0,464
;;;;-0,077;-0,251
;;;;0,898;0,145
;;;;-0,311;0,118
;;;;1,954;0,355
;;;;0,468;-0,176
;;;;-0,263;-0,21
;;;;-0,928;-0,001
;;;;-0,714;0,211
;;;;0,943;-0,33
;;;;1,164;0,121
;;;;1,176;-0,557
;;;;-0,358;0,523
;;;;-0,472;0,698
;;;;0,668;1,188
;;;;0,41;0,381
;;;;-0,441;0,641
;;;;-0,145;0,482
;;;;0,739;-0,567
;;;;0,381;0,503
;;;;0,113;-0,635
;;;;0,168;-0,694
;;;;-0,115;-0,01
;;;;-0,035;0,406
;;;;1,381;0,35
;;;;0,075;0,547
;;;;-0,377;0,683
;;;;-0,289;-1,291
;;;;0,638;-0,046
;;;;0,273;-0,852
;;;;0,379;0,009
;;;;-0,06;-0,422
;;;;0,838;0,535
;;;;0,114;1,228
;;;;0,029;0,783
;;;;0,315;1,122
;;;;0,459;0,661
;;;;-0,28;1,017
;;;;-1,292;0,288
;;;;0,52;0,561
;;;;0,631;-0,02
;;;;-0,4;-0,642
;;;;1,011;-0,325
;;;;-0,456;0,425
;;;;0,208;1,591
;;;;0,018;-0,414
;;;;0,223;0,49
;;;;0,407;0,629
;;;;-0,144;-0,382
;;;;-0,479;0,647
;;;;-0,211;0,657
;;;;-0,621;-0,306
;;;;0,366;0,128
;;;;0,182;0,285
;;;;-0,126;0,074
;;;;-0,875;0,72
;;;;-1,242;0,523
;;;;0,141;-0,198
;;;;0,547;0,698
;;;;0,901;0,272
;;;;0,302;-0,178
;;;;-0,368;-0,088
;;;;-0,379;-0,845
;;;;0,381;-0,031
;;;;-0,719;0,527
;;;;0,573;-0,119
;;;;0,126;0,227
;;;;0,219;0,438
;;;;-0,087;0,753
;;;;-0,755;-0,202
;;;;-0,308;0,067
;;;;0,544;0,33
;;;;-0,053;0,524
;;;;0,265;1,126
;;;;0,48;0,305
;;;;-0,931;0,556
;;;;-0,141;-0,184
;;;;-0,168;0,12
;;;;0,479;-0,546
;;;;0,048;0,181
;;;;0,521;0,666
;;;;0,481;0,747
;;;;0,728;0,23
;;;;0,324;-0,146
;;;;0,072;0,269
;;;;0,404;-0,42
;;;;-0,154;-0,358
;;;;-0,069;-0,329
;;;;-0,182;-0,443
;;;;-0,432;0,428
;;;;0,277;-0,31
;;;;0,744;-0,904
;;;;-0,757;-0,999
;;;;-0,24;-0,887
;;;;0,303;0,947
;;;;0,559;0,143
;;;;0,731;0,753
;;;;-0,054;-0,36
;;;;0,546;-0,431
;;;;0,073;-0,387
;;;;0,215;-0,557
;;;;-0,17;-1,192
;;;;0,575;0,105
;;;;-0,02;0,227
;;;;-0,47;0,209
;;;;-0,123;0,87
;;;;-0,612;-0,249
;;;;0,38;-0,65
;;;;0,159;-0,586
;;;;-0,761;-1,049
;;;;-0,368;-0,632
;;;;-0,04;-0,259
;;;;-0,888;-0,491
;;;;0,603;0,62
;;;;-1,567;-0,144
;;;;-0,879;0,211
;;;;-1,565;0,849
;;;;0,59;0,716
;;;;0,266;1,415
;;;;-0,906;0,764
;;;;-1,164;1,054
;;;;-0,531;0,582
;;;;1,526;0
;;;;0,167;0,319
;;;;0,106;0,52
;;;;-0,605;-0,315
;;;;0,152;-0,308
;;;;0,392;1,724
;;;;-1,181;1,041
;;;;0,913;1,258
;;;;-0,749;1,512
;;;;0,019;1,102
;;;;-0,029;0,815
;;;;1,016;-0,922
;;;;0,915;-0,567
;;;;-0,973;0,323
;;;;-0,678;-0,149
;;;;0,603;0,959
;;;;-0,003;0
;;;;0,567;-0,068
;;;;0,896;-0,098
;;;;-0,685;-0,363
;;;;0,473;-0,41
;;;;-0,47;0,531
;;;;-0,978;-0,382
;;;;-0,206;-0,456
;;;;0,053;0,412
;;;;0,441;-0,063
;;;;-0,456;0,321
;;;;0,664;-0,356
;;;;0,734;0,262
;;;;0,567;0,466
;;;;0,484;-0,247
;;;;-1,028;-0,55
;;;;-1,895;-0,15
;;;;0,684;0,238
;;;;-0,012;-0,63
;;;;1,085;0,176
;;;;-0,297;-0,41
;;;;1,341;-0,587
;;;;-1,087;-1,193
;;;;0,272;-0,497
;;;;-0,282;-0,659
;;;;0,163;-0,568
;;;;0,314;-0,262
;;;;0,168;-0,259
;;;;-0,728;-0,395
;;;;0,585;-0,191
;;;;-0,095;0,299
;;;;-1,444;-0,234
;;;;0,535;0,314
;;;;-0,635;0,701
;;;;1,396;-0,1
;;;;0,204;0,498
;;;;-1,372;0,37
;;;;0,143;-0,401
;;;;-0,298;0,043
;;;;0,558;0,473
;;;;-0,308;0,104
;;;;-0,843;0,172
;;;;0,442;-0,504
;;;;0,195;0,161
;;;;0,766;-0,129
;;;;-0,264;0,367
;;;;0,393;0,278
;;;;-0,001;0,387
;;;;1,181;0,692
;;;;0,175;-0,444
;;;;0,258;-0,336
;;;;1,008;0,469
;;;;-0,17;-0,372
;;;;-0,933;0,367
;;;;-1,572;0,199
;;;;0,209;0,051
;;;;-0,533;0,334
;;;;0,45;0,23
;;;;-1,353;-0,129
;;;;0,289;-0,064
;;;;-0,126;-0,147
;;;;-0,546;-0,577
;;;;-0,789;-0,086
;;;;-0,221;0,48
;;;;0,528;1,143
;;;;-0,816;0,109
;;;;0,489;0,081
;;;;0,552;-0,985
;;;;0,007;-0,48
;;;;1,363;1,323
;;;;-0,195;0,307
;;;;0,656;-0,015
;;;;0,158;0,157
;;;;0,35;-0,222
;;;;0,15;-1,109
;;;;-0,085;0,077
;;;;0,859;0,426
;;;;0,644;0,141
;;;;-0,907;-0,06
;;;;0,011;0,944
;;;;-0,013;0,789
;;;;0,051;0,62
;;;;0,848;0,538
;;;;0,341;0,165
;;;;-0,347;0,014
;;;;-0,207;-0,182
;;;;0,455;-0,077
;;;;-0,847;-0,122
;;;;0,42;0,059
;;;;-0,144;-0,679
;;;;-0,816;-0,382
;;;;0,467;0,338
;;;;-0,358;-0,418
;;;;0,347;-0,653
;;;;-0,361;0,359
;;;;-0,558;0,617
;;;;-0,08;-0,198
;;;;0,525;-0,016
;;;;0,013;0,104
;;;;0,304;-0,814
;;;;-0,246;-0,923
;;;;-0,151;-0,686
;;;;-0,587;-0,044
;;;;0,606;0,382
;;;;0,114;0,34
;;;;0,368;0,204
;;;;-0,184;0,151
;;;;-0,578;-0,279
;;;;-0,56;-0,027
;;;;0,518;-0,443
;;;;-0,707;-0,146
;;;;1,266;-0,405
;;;;1,231;-0,788
;;;;-1,087;0,315
;;;;2,312;0,522
;;;;0,041;0,082
;;;;0,975;-0,943
;;;;1,454;0,052
;;;;-1,414;-0,883
;;;;-0,525;-0,466
;;;;0,957;-0,629
;;;;0,199;-1,04
;;;;-0,84;-0,173
;;;;1,136;-0,886
;;;;-1,454;-0,753
;;;;1,367;-0,863
;;;;1,41;-0,125
;;;;0,167;-0,483
;;;;-0,6;0,402
;;;;0,023;0,313
;;;;0,287;0,846
;;;;-0,64;0,183
;;;;0,045;-0,541
;;;;-0,603;-0,02
;;;;-0,353;-0,11
;;;;0,005;-0,037
;;;;-1,727;0,116
;;;;-0,179;0,847
;;;;-0,846;-0,866
;;;;-0,483;0,101
;;;;0,52;0,689
;;;;1,021;-0,534
;;;;0,503;0,176
;;;;-0,431;-0,463
;;;;-1,031;1,287
;;;;-0,676;1,245
;;;;0,049;0,694
;;;;1,012;1,524
;;;;-0,689;0,114
;;;;1,016;0,789
;;;;-0,671;-0,747
;;;;0,234;-0,453
;;;;-0,475;-0,105
;;;;0,617;0,782
;;;;-0,228;0,281
;;;;0,227;-0,308
;;;;-0,103;0,178
;;;;-0,012;0,131
;;;;-1,4;0,022
;;;;-0,074;-0,231
;;;;1,398;-0,879
;;;;-0,285;-1,662
;;;;0,538;0,009
;;;;-0,322;-0,082
;;;;0,945;0,548
;;;;-1,031;0,533
;;;;-0,232;-0,88
;;;;0,415;-0,209
;;;;0,316;0,679
;;;;-1,149;0,172
;;;;-0,06;1,513
;;;;0,614;1,726
;;;;0,453;1,917
;;;;0,551;0,612
;;;;-0,087;0,85
;;;;0,578;0,212
;;;;-0,254;-0,376
;;;;-0,919;-0,383
;;;;0,389;0,62
;;;;0,139;-0,023
;;;;-0,155;0,116
;;;;-0,062;-0,889
;;;;0,995;0,359
;;;;0,68;0,463
;;;;-0,996;0,707
;;;;0,122;0,229
;;;;-0,823;0,205
;;;;0,925;0,648
;;;;-0,489;0,383
;;;;-0,158;0,92
;;;;0,553;-0,326
;;;;0,903;-0,696
;;;;0,906;-0,651
;;;;-0,021;0,294
;;;;-0,512;-0,153
;;;;-0,486;-0,048
;;;;-0,3;0,145
;;;;-0,674;-0,673
;;;;1,924;-0,768
;;;;0,475;-0,225
;;;;-0,926;0,352
;;;;0,07;-0,53
;;;;0,427;-0,883
;;;;-0,345;-0,93
;;;;0,132;0,595
;;;;0,058;-0,018
;;;;-1,424;-0,413
;;;;-0,944;-0,34
;;;;-0,31;0,04
;;;;-0,366;0,334
;;;;0,55;0,777
;;;;-0,479;0,368
;;;;-0,036;-0,273
;;;;0,652;0,411
;;;;0,525;1,017
;;;;0,278;0,481
;;;;-0,37;-0,223
;;;;-0,099;0,118
;;;;-0,239;-0,406
;;;;-0,424;-1,173
;;;;-0,001;-1,017
;;;;0,286;0,187
;;;;-0,345;-0,207
;;;;-0,297;-0,285
;;;;0,117;-0,16
;;;;-0,709;-0,217
;;;;-0,771;-0,787
;;;;-0,126;0,721
;;;;0,187;1,105
;;;;0,501;0,355
;;;;-0,756;0,074
;;;;-0,387;0,053
;;;;-0,049;0,026
;;;;-0,151;0,294
;;;;0,209;-0,04
;;;;-0,307;-0,039
;;;;0,867;0,051
;;;;0,269;0,222
;;;;0,684;0,232
;;;;0,25;0,123
;;;;0,014;0,12
;;;;0,433;-0,236
;;;;-0,514;0,301
;;;;0,187;0,453
;;;;-0,161;0,537
;;;;0,324;0,067
;;;;0,233;0,455
;;;;0,82;-0,534
;;;;0,246;-0,194
;;;;-0,337;-0,122
;;;;-0,355;0,278
;;;;-1,142;0,821
;;;;-0,218;1,064
;;;;0,071;0,302
;;;;-0,32;0,571
;;;;-0,074;-0,25
;;;;-0,737;-0,451
;;;;0,676;0,077
;;;;0,155;0,176
;;;;0,202;0,932
;;;;-1,311;-0,021
;;;;0,713;-0,134
;;;;-0,055;0,353
;;;;1,272;-0,699
;;;;0,67;0,384
;;;;0,242;0,589
;;;;0,223;-0,062
;;;;-0,891;0,198
;;;;0,534;0,616
;;;;-0,264;0,485
;;;;0,809;0,347
;;;;-0,329;0,524
;;;;-0,092;-0,034
;;;;0,033;0,143
;;;;-0,749;0,078
;;;;-0,183;0,856
;;;;0,168;-0,197
;;;;0,223;0,645
;;;;-0,122;-0,128
;;;;-0,25;-0,132
;;;;-0,262;-0,923
;;;;-0,234;-0,351
;;;;-0,418;1,056
;;;;0,545;0,538
;;;;-0,381;-1,087
;;;;-0,038;0,108
;;;;-0,682;0,248
;;;;-0,182;0,726
;;;;0,171;-0,107
;;;;-0,834;1
;;;;-0,914;-0,125
;;;;0,047;-0,904
;;;;-0,101;0,723
;;;;-0,273;-0,32
;;;;0,41;-0,756
;;;;-0,336;-0,405
;;;;-0,78;0,6
;;;;0,351;-0,63
;;;;0,169;-0,353
;;;;-0,14;-2,186
;;;;-0,884;0,691
;;;;0,433;0,277
;;;;0,154;-0,136
;;;;-1,159;-0,648
;;;;0,895;-2,677
;;;;0,359;0,548
;;;;-0,349;1,353
;;;;-0,323;0,914
;;;;-0,369;1,128
;;;;0,247;-1,725
;;;;-0,703;-0,22
;;;;0,58;-0,869
;;;;0,029;-0,902
;;;;0,764;-1,126
;;;;0,334;-0,222
;;;;-0,093;-1,091
;;;;-0,934;-0,633
;;;;0,404;-0,12
;;;;1,091;-0,059
;;;;0,167;1,845
;;;;1,346;0,228
;;;;-1,705;-1,202
;;;;-0,643;1,59
;;;;-0,56;0,983
;;;;0,412;2,484
;;;;0,567;1,478
;;;;0,111;2,419
;;;;0,834;2,712
;;;;-0,52;1,517
;;;;-0,02;0,456
;;;;-0,899;-1,066
;;;;0,511;0,137
;;;;-0,378;-1,06
;;;;-1,56;-1,461
;;;;0,228;-0,45
;;;;-0,369;0,761
;;;;1,032;-0,669
;;;;0,53;-2,062
;;;;0,323;-1,835
;;;;0,256;-0,913
;;;;-0,232;-2,964
;;;;-0,325;-2,4
;;;;-1,058;-1,562
;;;;0,846;-1,044
;;;;-0,509;0,461
;;;;-0,814;2,788
;;;;-0,01;0,416
;;;;1,64;0,288
;;;;-0,652;-0,431
;;;;0,396;0,935
;;;;-0,155;1,854
;;;;0,397;0,567
;;;;1,077;0,518
;;;;1,076;0,587
;;;;-0,968;0,555
;;;;-0,282;0,112
;;;;0,231;0,153
;;;;;-0,299
;;;;;0,566
;;;;;-0,293
;;;;;0,857
;;;;;0,018
;;;;;-0,471
;;;;;1,35
;;;;;1,025
;;;;;0,699
;;;;;-0,413
;;;;;0,56
;;;;;0,504
;;;;;0,96
;;;;;0,479
;;;;;-0,643
;;;;;0,339
;;;;;0,937
;;;;;-1,442
;;;;;-0,773
;;;;;-0,216
;;;;;-0,715
;;;;;-0,001
;;;;;-1,171
;;;;;-0,912
;;;;;-0,14
;;;;;-0,179
;;;;;-0,049
;;;;;0,006
;;;;;0,694
;;;;;-0,179
;;;;;-0,471
;;;;;0,055
;;;;;0,155
;;;;;-0,477
;;;;;-0,024
;;;;;-0,349
;;;;;0,428
;;;;;0,59
;;;;;-0,658
;;;;;-0,536
;;;;;-0,431
;;;;;0,499
;;;;;-0,253
;;;;;-0,057
;;;;;-0,113
;;;;;0,215
;;;;;0,545
;;;;;-0,433
;;;;;0,166
;;;;;0,756
;;;;;0,85
;;;;;0,203
;;;;;-0,705
;;;;;-0,704
;;;;;-0,1
;;;;;0,096
;;;;;0,237
;;;;;-0,234
;;;;;-0,908
;;;;;-0,125
;;;;;-0,027
;;;;;-0,326
;;;;;0,143
;;;;;0,58
;;;;;0,1
;;;;;0,389
;;;;;-0,922
;;;;;-0,022
;;;;;0,436
;;;;;-0,595
;;;;;-0,559
;;;;;-0,017
;;;;;0,671
;;;;;0,75
;;;;;-0,117
;;;;;-0,401
;;;;;-0,34
;;;;;0,173
;;;;;0,32
;;;;;0,22
;;;;;-0,517
;;;;;-0,383
;;;;;0,377
;;;;;0,416
;;;;;1,325
;;;;;0,884
;;;;;-0,618
;;;;;0,372
;;;;;0,102
;;;;;-0,094
;;;;;-0,484
;;;;;-0,367
;;;;;-0,226
;;;;;0,113
;;;;;-0,698
;;;;;-0,458
;;;;;-0,967
;;;;;0,011
;;;;;-0,06
;;;;;-0,123
;;;;;-0,206
;;;;;-0,176
;;;;;-0,311
;;;;;0,833
;;;;;0,324
;;;;;-0,08
;;;;;0,269
;;;;;0,224
;;;;;-0,581
;;;;;-1,024
;;;;;-0,818
;;;;;-0,309
;;;;;0,484
;;;;;-0,122
;;;;;-0,12
;;;;;-0,405
;;;;;0,039
;;;;;-0,273
;;;;;0,128
;;;;;-0,552
;;;;;-0,044
;;;;;-0,52
;;;;;-0,015
;;;;;-0,015
;;;;;-0,215
;;;;;-0,335
;;;;;-0,525
;;;;;-0,26
;;;;;-0,796
;;;;;-1,129
;;;;;-1,402
;;;;;0,199
;;;;;0,513
;;;;;1,094
;;;;;0,651
;;;;;0,678
;;;;;0,836
;;;;;0,794
;;;;;1,019
;;;;;0,442
;;;;;0,574
;;;;;-0,308
;;;;;0,074
;;;;;-0,219
;;;;;0,05
;;;;;-0,585
;;;;;-0,097
;;;;;-0,143
;;;;;-0,571
;;;;;0,153
;;;;;-1,201
;;;;;-0,006
;;;;;0,818
;;;;;0,295
;;;;;-0,414
;;;;;-0,815
;;;;;-0,421
;;;;;0,232
;;;;;1,11
;;;;;0,003
;;;;;0,314
;;;;;0,181
;;;;;-0,461
;;;;;-0,722
;;;;;-0,559
;;;;;0,735
;;;;;0,367
;;;;;-0,076
;;;;;-0,357
;;;;;-0,261
;;;;;0,256
;;;;;-0,156
;;;;;0,891
;;;;;0,041
;;;;;-0,175
;;;;;0,159
;;;;;-0,22
;;;;;-0,206
;;;;;0,618
;;;;;0,785
;;;;;1,815
;;;;;1,056
;;;;;0,23
;;;;;-0,516
;;;;;-0,434
;;;;;0,453
;;;;;0,288
;;;;;-0,207
;;;;;-0,607
;;;;;-0,461
;;;;;-0,167
;;;;;-0,063
;;;;;0,125
;;;;;-0,056
;;;;;0,512
;;;;;0,834
;;;;;0,299
;;;;;-0,157
;;;;;-0,909
;;;;;0,009
;;;;;-0,511
;;;;;-0,823
;;;;;-1,74
;;;;;-0,958
;;;;;0,04
;;;;;-0,243
;;;;;0,08
;;;;;-0,366
;;;;;-0,206
;;;;;0,124
;;;;;0,466
;;;;;1,148
;;;;;0,196
;;;;;-0,64
;;;;;-0,593
;;;;;0,685
;;;;;0,982
;;;;;-0,792
;;;;;0,342
;;;;;-0,761
;;;;;0,166
;;;;;0,398
;;;;;0,005
;;;;;-0,481
;;;;;0,238
;;;;;0,475
;;;;;-0,088
;;;;;-0,248
;;;;;0,434
;;;;;-0,351
;;;;;0,512
;;;;;1,062
;;;;;0,31
;;;;;-0,472
;;;;;-0,847
;;;;;0,333
;;;;;0,896
;;;;;-0,226
;;;;;0,474
;;;;;0,534
;;;;;-0,087
;;;;;0,128
;;;;;-0,907
;;;;;-0,239
;;;;;-1,183
;;;;;-1
;;;;;0,738
;;;;;0,959
;;;;;-0,479
;;;;;-1,085
;;;;;-0,7
;;;;;1,376
;;;;;1,503
;;;;;0,48
;;;;;0,093
;;;;;-1,799
;;;;;0,155
;;;;;0,379
;;;;;1,104
;;;;;-0,299
;;;;;-0,303
;;;;;-0,185
;;;;;-1,111
;;;;;1,207
;;;;;0,205
;;;;;-0,877
;;;;;-1,935
;;;;;0,416
;;;;;1,335
;;;;;-1,387
;;;;;-0,366
;;;;;-0,871
;;;;;-0,874
;;;;;1,303
;;;;;0,809
;;;;;-0,323
;;;;;-1,079
;;;;;0,33
;;;;;0,239
;;;;;1,141
;;;;;1,653
;;;;;1,727
;;;;;-1,508
;;;;;-0,282
;;;;;0,329
;;;;;1,351
;;;;;2,79
;;;;;1,98
;;;;;-0,355
;;;;;2,014
;;;;;1,556
;;;;;0,463
;;;;;0,45
;;;;;0,017
;;;;;0,861
;;;;;1,137
;;;;;1,318
;;;;;-0,302
;;;;;0,393
;;;;;0,508
;;;;;0,532
;;;;;0,105
;;;;;0,592
;;;;;0,677
;;;;;-0,177
;;;;;-0,479
;;;;;-0,376
;;;;;-0,085
;;;;;-0,537
;;;;;0,84
;;;;;0,778
;;;;;1,512
;;;;;0,216
;;;;;-0,712
;;;;;-0,318
;;;;;0,295
;;;;;-1,012
;;;;;-0,176
;;;;;-0,001
;;;;;0,333
;;;;;0,704
;;;;;0,359
;;;;;-0,509
;;;;;-0,29
;;;;;0,646
;;;;;-0,622
;;;;;-0,378
;;;;;0,023
;;;;;-2,153
;;;;;-0,009
;;;;;0,865
;;;;;0,303
;;;;;-0,113
;;;;;1,071
;;;;;0,508
;;;;;-0,882
;;;;;0,31
;;;;;-0,295
;;;;;0,942
;;;;;-0,004
;;;;;0,566
;;;;;0,173
;;;;;-0,989
;;;;;-0,297
;;;;;0,182
;;;;;0,375
;;;;;0,496
;;;;;0,068
;;;;;-0,797
;;;;;-0,17
;;;;;-0,602
;;;;;0,3
;;;;;-0,074
;;;;;-0,595
;;;;;-0,56
;;;;;0,329
;;;;;-0,044
;;;;;0,027
;;;;;-0,127
;;;;;-0,078
;;;;;-0,102
;;;;;-0,238
;;;;;0,523
;;;;;0,463
;;;;;0,464
;;;;;0,775
;;;;;0,722
;;;;;0,132
;;;;;0,487
;;;;;-0,048
;;;;;0,363
;;;;;0,144
;;;;;0,067
;;;;;-0,29
;;;;;0,08
;;;;;-0,622
;;;;;-0,067
;;;;;0,282
;;;;;0,348
;;;;;0,067
;;;;;0,011
;;;;;-0,091
;;;;;-0,288
;;;;;0,146
;;;;;0,4
;;;;;0,518
;;;;;0,084
;;;;;0,131
;;;;;0,02
;;;;;0,059
;;;;;-0,071
;;;;;-0,173
;;;;;-0,563
;;;;;-0,132
;;;;;-0,107
;;;;;0,135
;;;;;-0,065
;;;;;0,086
;;;;;-0,412
;;;;;-0,227
;;;;;0,111
;;;;;0,396
;;;;;0,154
;;;;;-0,045
;;;;;-0,125
;;;;;0,089
;;;;;0,846
;;;;;0,844
;;;;;0,162
;;;;;0,416
;;;;;0,724
;;;;;-0,558
;;;;;0,298
;;;;;-0,061
;;;;;0,799
;;;;;0,261
;;;;;0,455
;;;;;0,05
;;;;;0,491
;;;;;0,684
;;;;;0,407
;;;;;0,378
;;;;;-0,097
;;;;;0,113
;;;;;-0,083
;;;;;-0,519
;;;;;-0,858
;;;;;-0,387
;;;;;0,21
;;;;;-0,75
;;;;;-0,487
;;;;;-0,704
;;;;;-0,546
;;;;;0,258
;;;;;0,067
;;;;;0,059
;;;;;0,225
;;;;;0,247
;;;;;0,246
;;;;;0,767
;;;;;0,421
;;;;;0,484
;;;;;0,334
;;;;;-0,779
;;;;;-0,969
;;;;;-0,69
;;;;;0,102
;;;;;0,361
;;;;;0,414
;;;;;-0,967
;;;;;-0,092
;;;;;0,232
;;;;;0,249
;;;;;0,325
;;;;;0,234
;;;;;-0,363
;;;;;-0,006
;;;;;0,307
;;;;;0,314
;;;;;-1,032
;;;;;-1,015
;;;;;-0,122
;;;;;-0,096
;;;;;-0,693
;;;;;-0,029
;;;;;-0,079
;;;;;-0,047
;;;;;-0,008
;;;;;-0,59
;;;;;-0,255
;;;;;0,035
;;;;;0,537
;;;;;0,229
;;;;;0,29
;;;;;0,15
;;;;;0,188
;;;;;0,548
;;;;;0,273
;;;;;0,212
;;;;;-0,053
;;;;;-0,214
;;;;;0,121
;;;;;-0,315
;;;;;0,058
;;;;;0,022
;;;;;-0,419
;;;;;-0,082
;;;;;0,383
;;;;;0,461
;;;;;-0,187
;;;;;-0,238
;;;;;0,056
;;;;;0,029
;;;;;0,464
;;;;;0,52
;;;;;-0,444
;;;;;-0,244
;;;;;0,305
;;;;;-0,087
;;;;;0,066
;;;;;-0,095
;;;;;-0,036
;;;;;-0,274
;;;;;-0,461
;;;;;-0,262
;;;;;-0,3
;;;;;0,102
;;;;;0,057
;;;;;0,461
;;;;;-0,26
;;;;;-0,547
;;;;;0,223
;;;;;-0,208
;;;;;0,122
;;;;;-0,159
;;;;;-0,586
;;;;;-0,54
;;;;;-0,287
;;;;;0,249
;;;;;-0,953
;;;;;0,053
;;;;;-0,243
;;;;;-0,249
;;;;;0,021
;;;;;-0,488
;;;;;0,031
;;;;;-0,864
;;;;;-0,471
;;;;;0,17
;;;;;0,61
;;;;;0,406
;;;;;0,367
;;;;;0,587
;;;;;0,354
;;;;;-0,475
;;;;;0,048
;;;;;0,492
;;;;;0,953
;;;;;0,703
;;;;;0,245
;;;;;-0,048
;;;;;0,373
;;;;;0,791
;;;;;0,833
;;;;;0,251
;;;;;0,111
;;;;;0,169
;;;;;0,915
;;;;;-0,218
;;;;;-0,434
;;;;;0,079
;;;;;0,248
;;;;;-0,647
;;;;;-0,456
;;;;;-0,373
;;;;;-0,5
;;;;;-0,269
;;;;;0,109
;;;;;0,736
;;;;;0,71
;;;;;-0,096
;;;;;-0,273
;;;;;0,074
;;;;;0,649
;;;;;1,019
;;;;;0,924
;;;;;0,658
;;;;;-0,728
;;;;;-0,186
;;;;;0,179
;;;;;0,863
;;;;;-1,328
;;;;;0,042
;;;;;0,459
;;;;;-0,176
;;;;;-1,503
;;;;;-0,72
;;;;;-0,854
;;;;;0,797
;;;;;-0,319
;;;;;-0,448
;;;;;-0,092
;;;;;-0,876
;;;;;0,651
;;;;;-0,341
;;;;;-0,779
;;;;;1,369
;;;;;0,977
;;;;;-0,026
;;;;;1,627
;;;;;0,963
;;;;;1,07
;;;;;1,97
;;;;;0,086
;;;;;-0,934
;;;;;-1,719
;;;;;-0,105
;;;;;1,607
;;;;;0,133
;;;;;-0,492
;;;;;-0,956
;;;;;-0,451
;;;;;-0,727
;;;;;-1,513
;;;;;-0,076
;;;;;1,04
;;;;;0,543
;;;;;-1,87
;;;;;-1,59
;;;;;0,609
;;;;;0,742
;;;;;1,875
;;;;;-0,003
;;;;;-1,263
;;;;;-1,056
;;;;;0,16
;;;;;-0,646
;;;;;0,371
;;;;;-0,189
;;;;;0,054
;;;;;0,006
;;;;;1,814
;;;;;1,285
;;;;;0,063
;;;;;-0,233
;;;;;-0,329
;;;;;-1,394
;;;;;0,614
;;;;;0,459
;;;;;1,353
;;;;;1,001
;;;;;-0,505
;;;;;0,446
;;;;;1,142
;;;;;0,528
;;;;;-0,393
;;;;;0,392
;;;;;1,237
;;;;;0,672
;;;;;0,035
;;;;;-1,107
;;;;;-0,51
;;;;;-0,38
;;;;;-1,517
;;;;;-1,041
;;;;;-0,399
;;;;;-0,583
;;;;;-1,408
;;;;;1,147
;;;;;0,809
;;;;;1,205
;;;;;-1,167
;;;;;-0,257
;;;;;-0,528
;;;;;0,992
;;;;;0,314
;;;;;-0,734
;;;;;0,872
;;;;;2,697
;;;;;1,067
;;;;;-1,441
;;;;;-0,555
;;;;;-1,457
;;;;;-1,879
;;;;;1,319
;;;;;-0,449
;;;;;-0,626
;;;;;-0,18
;;;;;-3,071
;;;;;-0,973
;;;;;-0,739
;;;;;-0,574
;;;;;-1,339
;;;;;-0,971
;;;;;-1,578
;;;;;0,991
;;;;;-1,023
;;;;;-0,504
;;;;;-1,471
;;;;;-0,03
;;;;;-1,64
;;;;;-1,814
;;;;;0,406
;;;;;1,356
;;;;;-1,603
;;;;;-0,091
;;;;;2,794
;;;;;-0,38
;;;;;1,461
;;;;;1,358
;;;;;0,987
;;;;;1,408
;;;;;1,667
;;;;;0,457
;;;;;0,018
;;;;;1,181
;;;;;-1,305
;;;;;-1,108
;;;;;-1,703
;;;;;-1,19
;;;;;-1,871
;;;;;0,833
;;;;;0,522
;;;;;-0,764
;;;;;0,735
;;;;;0,328
;;;;;0,723
;;;;;0,48
;;;;;2,495
;;;;;1,983
;;;;;0,275
;;;;;-0,213
;;;;;-0,046
;;;;;0,192
;;;;;-0,422
;;;;;-0,129
;;;;;0,375
;;;;;1,059
;;;;;0,674
;;;;;0,226
;;;;;-0,859
;;;;;-0,96
;;;;;0,238
;;;;;-0,357
;;;;;0,981
;;;;;0,45
;;;;;0,178
;;;;;0,101
;;;;;1,843
;;;;;0,631
;;;;;-0,389
;;;;;-0,745
;;;;;1,191
;;;;;-1,759
;;;;;-0,39
;;;;;0,551
;;;;;2,092
;;;;;1,647
;;;;;0,141
;;;;;0,048
;;;;;-0,016
;;;;;-0,842
;;;;;0,49
;;;;;-1,182
;;;;;-2,06
;;;;;-1,254
;;;;;-0,714
;;;;;-1,678
;;;;;-0,384
;;;;;0,033
;;;;;-0,238
;;;;;1,384
;;;;;1,035
;;;;;0,769
;;;;;-0,222
;;;;;-0,041
;;;;;0,489
;;;;;1,362
;;;;;-0,382
;;;;;-1,178
;;;;;-0,572
;;;;;0,112
;;;;;0,763
;;;;;-0,897
;;;;;-0,077
;;;;;0,317
;;;;;0,065
;;;;;-0,188
;;;;;0,309
;;;;;-0,083
;;;;;0,058
;;;;;0,293
;;;;;0,338
;;;;;-0,266
;;;;;-0,151
;;;;;0,173
;;;;;-0,855
;;;;;-0,994
;;;;;-0,336
;;;;;-0,045
;;;;;0,695
;;;;;0,011
;;;;;-0,608
;;;;;0,226
;;;;;-0,221
;;;;;1,302
;;;;;0,473
;;;;;-0,371
;;;;;-0,203
;;;;;-0,927
;;;;;-1,117
;;;;;-0,914
;;;;;-0,974
;;;;;-0,951
;;;;;-0,318
;;;;;-0,084
;;;;;-0,408
;;;;;0,403
;;;;;0,542
;;;;;-0,381
;;;;;-0,195
;;;;;0,141
;;;;;0,044
;;;;;0,248
;;;;;0,992
;;;;;0,84
;;;;;1,014
;;;;;-0,04
;;;;;0,489
;;;;;0,227
;;;;;-0,364
;;;;;-0,646
;;;;;-0,391
;;;;;1,057
;;;;;1,049
;;;;;0,099
;;;;;-0,778
;;;;;-1,062
;;;;;-0,272
;;;;;0,864
;;;;;0,368
;;;;;0,362
;;;;;-0,746
;;;;;-0,43
;;;;;-0,164
;;;;;0,41
;;;;;-1,028
;;;;;0,456
;;;;;0,279
;;;;;0,246
;;;;;0,637
;;;;;0,271
;;;;;0,558
;;;;;0,424
;;;;;0,167
;;;;;0,752
;;;;;0,641
;;;;;0,101
;;;;;-0,315
;;;;;0,4
;;;;;-0,188
;;;;;0,013
;;;;;-0,075
;;;;;0,177
;;;;;0,533
;;;;;0,84
;;;;;-0,396
;;;;;-0,392
;;;;;-0,322
;;;;;-0,076
;;;;;-0,386
;;;;;-0,055
;;;;;0,276
;;;;;-0,23
;;;;;-0,151
;;;;;-0,162
;;;;;0,694
;;;;;-0,216
;;;;;0,22
;;;;;0,492
;;;;;0,076
;;;;;0,065
;;;;;-0,195
;;;;;-0,566
;;;;;-0,101
;;;;;0,089
;;;;;-0,452
;;;;;-0,018
;;;;;0
;;;;;-0,145
;;;;;0,093
;;;;;-0,557
;;;;;-0,078
;;;;;0,412
;;;;;-0,086
;;;;;-0,274
;;;;;-0,294
;;;;;0,009
;;;;;-0,049
;;;;;0,016
;;;;;0,003
;;;;;-0,122
;;;;;-0,843
;;;;;-0,489
;;;;;-0,045
;;;;;-0,781
;;;;;-0,26
;;;;;-0,083
;;;;;-0,186
;;;;;-0,857
;;;;;0,019
;;;;;0,914
;;;;;1,299
;;;;;-0,228
;;;;;-0,265
;;;;;-0,936
;;;;;-0,499
;;;;;0,499
;;;;;0,468
;;;;;0,676
;;;;;0,651
;;;;;0,09
;;;;;-0,027
;;;;;-0,236
;;;;;-0,284
;;;;;-0,542
;;;;;0,509
;;;;;0,762
;;;;;0,056
;;;;;-1,163
;;;;;-0,404
;;;;;0,477
;;;;;-0,344
;;;;;0,757
;;;;;1,519
;;;;;1,089
;;;;;1,463
;;;;;0,445
;;;;;0,519
;;;;;1,284
;;;;;0,541
;;;;;-0,983
;;;;;-0,934
;;;;;-1,237
;;;;;-0,948
;;;;;-0,336
;;;;;0,113
;;;;;0,728
;;;;;0,9
;;;;;0,373
;;;;;0,059
;;;;;0,644
;;;;;0,756
;;;;;0,21
;;;;;0,565
;;;;;0,546
;;;;;0,013
;;;;;1,128
;;;;;0,209
;;;;;-0,298
;;;;;-0,186
;;;;;0,264
;;;;;-0,089
;;;;;-0,366
;;;;;-0,203
;;;;;-0,02
;;;;;0,437
;;;;;-0,052
;;;;;-0,159
;;;;;-0,354
;;;;;-0,031
;;;;;-0,01
;;;;;-0,373
;;;;;0,24
;;;;;-0,688
;;;;;-0,274
;;;;;0,087
;;;;;0,671
;;;;;0,535
;;;;;0,63
;;;;;0,289
;;;;;1,043
;;;;;0,583
;;;;;-0,217
;;;;;0,344
;;;;;-0,777
;;;;;-0,023
;;;;;0,09
;;;;;-0,507
;;;;;-0,089
;;;;;0,339
;;;;;-0,443
;;;;;-0,029
;;;;;0,235
;;;;;-0,026
;;;;;0,175
;;;;;0,203
;;;;;-0,229
;;;;;0,158
;;;;;0,482
;;;;;-0,318
;;;;;-0,549
;;;;;-1,09
;;;;;-0,74
;;;;;-1,13
;;;;;0,153
;;;;;-0,069
;;;;;-0,148
;;;;;0,508
;;;;;0,197
;;;;;-0,496
;;;;;-0,82
;;;;;-0,293
;;;;;0,012
;;;;;0,021
;;;;;-0,063
;;;;;0,009
;;;;;-0,707
;;;;;-0,288
;;;;;0,322
